{
  "date": "2021-10-11T17:06:07.015Z",
  "title": "Lavanda: 5 looks com a cor queridinha do momento",
  "description": "",
  "body": "A primavera chegou trazendo um ar mais suave e refrescante para os nossos looks. Lavanda é a cor do momento e tem tudo a ver com a estação: é delicada como o desabrochar das flores e traz à tona a brisa leve que atravessa os nossos dias. Confira as nossas dicas e saiba como usar a próxima tendência da temporada!\n\nLavanda em looks monocromáticos\nO look monocromático é prático, fashion e muito sofisticado. Com um corte bem estruturado e modelagem mais ampla, o conjunto lavanda casa super bem no office look. Se quiser ir além, combine com um tênis ou uma sandália rasteira e você estará chique e casual, uma produção perfeita para o final de semana.",
  "thumbnail": "/img/uploads/10af786a817019f7c0a4050a829a9bfa.jpg"
}