{
  "date": "2021-10-11T17:15:22.737Z",
  "title": "MODA 2022: TENDÊNCIAS PARA ARRASAR NESTE VERÃO!",
  "description": "",
  "body": "<!--StartFragment-->\n\nÉ certo, a **moda 2022** será influenciada pelos acontecimentos do mundo nos últimos dois anos. Afinal, todo mundo já sabe que a moda vai além das roupas que vestimos, ela também trata de estilo de vida e contexto social.\n\nAssim, as maiores inspirações para a **tendência 2022** será a vontade de viver livre novamente, abraçar pessoas, conhecer lugares e ver a vida sob uma nova perspectiva.\n\nPor isso, podemos contar com *looks* em tecidos leves, modelagens confortáveis e alfaiataria combinada com peças *comfy.*\n\nNas cores, os tons pastéis e a amada tendência monocromática, com acessórios coloridos, também compõem o *background.* Com isso, a moda 2022 promete uma mistura de experiências sinestésicas!\n\nÁgua, brisa, sons, areia, liberdade, leveza! Se você já está sentindo o cheiro do mar e querendo dançar com os pés na areia em alto estilo, esse artigo foi feito especialmente pra você.\n\n<!--EndFragment-->",
  "thumbnail": "/img/uploads/vestido-2-819x1024.jpg"
}