{
  "assetsByChunkName": {
    "vendors~app-account~app-confirmation~app-order": "chunk.8a854dbabf4ee384c93f.js",
    "vendors~app-account~app-checkout": "chunk.9cddeebb867e1feaf640.js",
    "vendors~app-cart~app-checkout": "chunk.72d2321540d1df92d6f6.js",
    "admin": [
      "admin.a324a99930c2eb994044.js",
      "admin.a324a99930c2eb994044.js.map"
    ],
    "app-account": "chunk.1dc12cc010964ff2eab6.js",
    "app-checkout": "chunk.7b25cbbf39225a934fd3.js",
    "app-confirmation": "chunk.bd82423c1fdf3fb0f9d1.js",
    "checkout": [
      "checkout.5d9896d2ffbc73703601.js",
      "checkout.5d9896d2ffbc73703601.js.map"
    ],
    "storefront": [
      "storefront.32cdc5ed0eaa281568a0.css",
      "storefront.55e6eef2753bc5db3efd.js",
      "storefront.32cdc5ed0eaa281568a0.css.map",
      "storefront.55e6eef2753bc5db3efd.js.map"
    ],
    "vendors~app-cart": "chunk.d2e6fd583acf1703d02e.js",
    "vendors~app-order": "chunk.173e11848ea5ba3d15db.js"
  }
}