{
  "title": "Contato",
  "meta_title": "contato",
  "meta_description": "contato",
  "body": "este é um teste para o campo de contato",
  "sections": [
    {
      "type": "custom-html",
      "html": "<!DOCTYPE html>\n<html lang=\"pt-BR\">\n<head>\n    <meta charset=\"UTF-8\">\n    <meta name=\"viewport\" content=\"width=device-width, initial-scale=1.0\">\n    <title>Formulário de Contato</title>\n    <style>\n        body {\n            font-family: Arial, sans-serif;\n            line-height: 1.6;\n            margin: 20px;\n            padding: 0;\n            background-color: #f4f4f9;\n        }\n        .form-container {\n            max-width: 600px;\n            margin: 0 auto;\n            padding: 20px;\n            background: #fff;\n            border-radius: 8px;\n            box-shadow: 0 4px 6px rgba(0, 0, 0, 0.1);\n        }\n        h2 {\n            margin-bottom: 20px;\n            text-align: center;\n            color: #333;\n        }\n        .form-group {\n            margin-bottom: 15px;\n        }\n        label {\n            display: block;\n            margin-bottom: 5px;\n            font-weight: bold;\n        }\n        input, textarea, button {\n            width: 100%;\n            padding: 10px;\n            font-size: 16px;\n            border: 1px solid #ccc;\n            border-radius: 4px;\n        }\n        textarea {\n            height: 120px;\n        }\n        button {\n            background-color: #007BFF;\n            color: #fff;\n            border: none;\n            cursor: pointer;\n        }\n        button:hover {\n            background-color: #0056b3;\n        }\n    </style>\n</head>\n<body>\n    <div class=\"form-container\">\n        <h2>Fale Conosco</h2>\n        <form action=\"/enviar-mensagem\" method=\"post\">\n            <div class=\"form-group\">\n                <label for=\"name\">Nome</label>\n                <input type=\"text\" id=\"name\" name=\"name\" placeholder=\"Seu nome completo\" required>\n            </div>\n            <div class=\"form-group\">\n                <label for=\"email\">Email</label>\n                <input type=\"email\" id=\"email\" name=\"email\" placeholder=\"Seu email\" required>\n            </div>\n            <div class=\"form-group\">\n                <label for=\"subject\">Assunto</label>\n                <input type=\"text\" id=\"subject\" name=\"subject\" placeholder=\"Assunto da mensagem\" required>\n            </div>\n            <div class=\"form-group\">\n                <label for=\"message\">Mensagem</label>\n                <textarea id=\"message\" name=\"message\" placeholder=\"Escreva sua mensagem aqui...\" required></textarea>\n            </div>\n            <button type=\"submit\">Enviar Mensagem</button>\n        </form>\n    </div>\n</body>\n</html>\n"
    }
  ]
}