{
  "categories_list": {
    "featured": [
      "/promocoes?promoções",
      "/mais-vendidos?Mais vendidos",
      "/xiaomi?Xiaomi",
      "/dell?Dell",
      "/outlet?outlet",
      "/promo?promo",
      "/teste?teste"
    ],
    "random": 0,
    "full_width": true
  },
  "centralized_logo": false,
  "marketing_stripe": {
    "text": "Frete Grátis acima de R$ 100,00",
    "link": "",
    "background": "#000000",
    "color": "#ffffff"
  },
  "alphabetical_order_submenu": false,
  "popup": "/img/uploads/instagram-post-promocao-da-semana-desconto-progressivo-moderno-preto-e-verde-300-300-px-1-.png",
  "search_input": true,
  "desktop_megamenu": true,
  "full_width_submenu": false,
  "contacts_stripe": {
    "pages": [],
    "phone_wpp": false,
    "socials": true
  }
}