{
  "meta_title": "teste ",
  "meta_description": "",
  "sections": [
    {
      "type": "responsive-banner",
      "img": "/img/uploads/banner_2-1-.png"
    },
    {
      "type": "info-bar",
      "enabled": true
    },
    {
      "type": "custom-html",
      "html": "   <div class=\"container\">\n        <div class=\"row\">\n            <div class=\"col-12 col-sm-12 col-md-6 col-lg-6\" style=\"margin-top:15px\">\n                <a href=\"/rodizios-rodas-e-rodinhas\">\n                    <img src=\"/img/uploads/rodinhas-mini-banner-homepage-desicon.jpg\" class=\"card-img-top\"\n                        alt=\"Rodinhas e rodízios para móveis\"></a>\n            </div>\n            <div class=\"col-12 col-sm-12 col-md-6 col-lg-6\" style=\"margin-top:15px\">\n                <a href=\"/prateleiras\">\n                    <img src=\"/img/uploads/suportes-prateleira-mini-banner-homepage-desicon.jpg\" class=\"card-img-top\"\n                        alt=\"Prateleiras e suportes para prateleiras\"></a>\n            </div>\n        </div>\n     \n       <div class=\"row\">\n              <div class=\"col-12 col-sm-12 col-md-6 col-lg-6\" style=\"margin-top:15px\">\n                  <a href=\"/silicones-colas-quimicos\">\n                      <img src=\"/img/uploads/cola-vedante-mini-banner-homepage-desicon.jpg\" class=\"card-img-top\"\n                          alt=\"Colas, tintas e vedantes\"></a>\n              </div>\n              <div class=\"col-12 col-sm-12 col-md-6 col-lg-6\" style=\"margin-top:15px\">\n                  <a href=\"/acessorios-para-moveis\">\n                      <img src=\"/img/uploads/acessorio-moveis-mini-banner-homepage-desicon.jpg\" class=\"card-img-top\"\n                          alt=\"Acessórios para móveis, puxadores e pistões\"></a>\n              </div>\n          </div>\n    </div>"
    },
    {
      "type": "dynamic-showcase",
      "load_more": false,
      "sort": "news"
    },
    {
      "type": "collection-shelf",
      "shuffle": false,
      "limit": 12,
      "page": 1
    },
    {
      "type": "custom-html",
      "html": "<h4 class=\"products-carousel__title\"><span>Dicas da Desicon</span></h4>\n<div class=\"container\">\n  <div class=\"row\">\n    \n    <div class=\"col-12 col-sm-12 col-md-4 col-lg-4\">\n      <div class=\"card\">\n        <a href=\"/posts/como-escolher-seu-suporte-para-vidro\">\n          <img src=\"/img/uploads/capa-blog-prateleiras-de-vidro-690x690px.png\" class=\"card-img-top\" alt=\"Como escolher seu suporte para Vidro\"></a>\n        <div class=\"card-body\">\n          <span class=\"blog-post-date d-none\"></span>\n          <h5 class=\"card-title\">\n            <a href=\"/posts/como-escolher-seu-suporte-para-vidro\">Como escolher seu suporte para Vidro</a>\n          </h5>\n        </div>\n      </div>\n    </div>\n    \n    <div class=\"col-12 col-sm-12 col-md-4 col-lg-4\">\n      <div class=\"card\">\n        <a href=\"/posts/rodinhas-e-rodizios-para-moveis-escolha-o-modelo-ideal\">\n          <img src=\"/img/uploads/capa-blog-rodinhas-e-rodizios-690x690px.avif\" class=\"card-img-top\" alt=\"Rodinhas e Rodízios para móveis | Escolha o modelo ideal!\"></a>\n        <div class=\"card-body\">\n          <span class=\"blog-post-date d-none\"></span>\n          <h5 class=\"card-title\">\n            <a href=\"/posts/rodinhas-e-rodizios-para-moveis-escolha-o-modelo-ideal\">Rodinhas e Rodízios para móveis | Escolha o modelo ideal!</a>\n          </h5>\n        </div>\n      </div>\n    </div>\n    \n    <div class=\"col-12 col-sm-12 col-md-4 col-lg-4\">\n      <div class=\"card\">\n        <a href=\"/posts/suporte-para-prateleira-mao-francesa\">\n          <img src=\"/img/uploads/capa-blog-mao-francesa-690x690px.png\" class=\"card-img-top\" alt=\"Suportes para Prateleira Mão Francesa\"></a>\n        <div class=\"card-body\">\n          <span class=\"blog-post-date d-none\"></span>\n          <h5 class=\"card-title\">\n            <a href=\"/posts/suporte-para-prateleira-mao-francesa\">Suportes para Prateleira Mão Francesa</a>\n          </h5>\n        </div>\n      </div>\n    </div>\n    \n  </div>\n  <p style=\"text-align:center; margin-top:25px\">\n    <a onmouseover=\"this.style.opacity='0.8'\" onmouseout=\"this.style.opacity='1';\" href=\"/blog\" style=\"padding:10px; background:#007FBB; border-radius:10px;color:#fff;text-decoration:none\">\n      <span>Confira Mais Dicas</span>\n    </a>\n  <p>\n</div>"
    }
  ]
}