{
  "sections": [
    {
      "type": "product-block",
      "enabled": true,
      "size_guide": {
        "image": "/img/uploads/nossas-medidas.png",
        "title": "Guia de tamanhos "
      }
    },
    {
      "type": "offers-timer",
      "max_hours": 24,
      "start": "2022-11-08T17:37:30.816Z",
      "end": "2022-11-09T17:37:30.838Z",
      "notes": "ate dia 09",
      "offers": [
        "611d4d7bcfbcd97059820625"
      ]
    },
    {
      "type": "related-products",
      "title": "Produtos relacionados"
    },
    {
      "type": "buy-together",
      "enabled": true
    },
    {
      "type": "banner-slider",
      "autoplay": 9000,
      "full_width": false,
      "slides": [
        {
          "start": "",
          "end": "",
          "img": "/img/uploads/duas-xicaras-comentarios.png"
        }
      ]
    },
    {
      "type": "recommended-products",
      "title": "Quem comprou este produto, também comprou:"
    },
    {
      "type": "product-specifications",
      "enabled": true
    },
    {
      "type": "product-description",
      "enabled": true
    }
  ]
}